block,blockWeight
0,6.391637612529494
1,6.993865240009984
2,5.936376686254346
3,6.153239739543698
