block,blockWeight
0,6.391637612529494
1,6.776408428035167
2,5.936376686254346
3,6.04437641067094
