block,blockWeight
0,13.010076729529636
1,13.052411436953225
2,12.141063304394464
3,12.733898537979263
