block,blockWeight
0,12.372591741788861
1,12.430442349235127
2,11.517094283418373
3,11.943433292601993
