block,blockWeight
0,6.496730581372638
1,6.52897841758782
2,6.059005645900776
3,6.3660441723212555
